{"ShapeType":"Line","Length":285.7165028485404,"Height":null,"Radius":null,"X":223.20000000000005,"Y":108.0,"Vector":28.789708447244454}