{"ShapeType":"Rectangle","Length":237.60000000000002,"Height":160.8,"Radius":0.0,"X":272.0,"Y":65.60000000000001,"Vector":0.0}